class,class_index,start_frame,stop_frame,video_id,point
n,0,304,308,1_Ekman6_disgust_3,306
n,0,692,699,1_Ekman6_disgust_3,695
n,0,1473,1478,1_Ekman6_disgust_3,1475
n,0,2641,2645,1_Ekman6_disgust_3,2643
n,0,4201,4205,1_Ekman6_disgust_3,4203
n,0,5369,5372,1_Ekman6_disgust_3,5370
p,1,667,675,2_Ekman6_joy_1308,671
p,1,1230,1236,2_Ekman6_joy_1308,1233
p,1,1795,1801,2_Ekman6_joy_1308,1798
p,1,2480,2484,2_Ekman6_joy_1308,2482
p,1,2910,2925,2_Ekman6_joy_1308,2917
p,1,3787,3791,2_Ekman6_joy_1308,3789
n,0,875,876,3_Ekman6_fear_699,875
n,0,2395,2397,3_Ekman6_fear_699,2396
n,0,2569,2569,3_Ekman6_fear_699,2569
n,0,3746,3747,3_Ekman6_fear_699,3746
n,0,3948,3948,3_Ekman6_fear_699,3948
n,0,4265,4268,3_Ekman6_fear_699,4266
n,0,953,956,4_Ekman6_anger_1085,954
n,0,1241,1246,4_Ekman6_anger_1085,1243
n,0,1605,1610,4_Ekman6_anger_1085,1607
n,0,2312,2318,4_Ekman6_anger_1085,2315
n,0,2684,2688,4_Ekman6_anger_1085,2686
n,0,2860,2863,4_Ekman6_anger_1085,2861
p,1,1180,1183,5_VideoEmotion8_Sadness_689,1181
p,1,2129,2252,5_VideoEmotion8_Sadness_689,2190
p,1,4581,4789,5_VideoEmotion8_Sadness_689,4685
p,1,5953,6005,5_VideoEmotion8_Sadness_689,5979
p,1,520,524,6_CMU_MOSEI_CZigX1ntOsI,522
p,1,2058,2061,6_CMU_MOSEI_CZigX1ntOsI,2059
p,1,3138,3140,6_CMU_MOSEI_CZigX1ntOsI,3139
p,1,3558,3560,6_CMU_MOSEI_CZigX1ntOsI,3559
p,1,1116,1121,8_CMU_MOSEI_2Vtv2gPzM7w,1118
p,1,2028,2036,8_CMU_MOSEI_2Vtv2gPzM7w,2032
p,1,3036,3043,8_CMU_MOSEI_2Vtv2gPzM7w,3039
n,0,5616,5618,10_CMU_MOSEI_BBSVLGf7zPI,5617
p,1,5849,5853,10_CMU_MOSEI_BBSVLGf7zPI,5851
p,1,6548,6550,10_CMU_MOSEI_BBSVLGf7zPI,6549
n,0,8120,8122,10_CMU_MOSEI_BBSVLGf7zPI,8121
p,1,8568,8570,10_CMU_MOSEI_BBSVLGf7zPI,8569
p,1,10451,10454,10_CMU_MOSEI_BBSVLGf7zPI,10452
p,1,11208,11212,10_CMU_MOSEI_BBSVLGf7zPI,11210
n,0,11390,11391,10_CMU_MOSEI_BBSVLGf7zPI,11390
n,0,13058,13060,10_CMU_MOSEI_BBSVLGf7zPI,13059
n,0,16249,16249,10_CMU_MOSEI_BBSVLGf7zPI,16249
n,0,19026,19028,10_CMU_MOSEI_BBSVLGf7zPI,19027
n,0,19610,19611,10_CMU_MOSEI_BBSVLGf7zPI,19610
p,1,21958,21959,10_CMU_MOSEI_BBSVLGf7zPI,21958
p,1,569,655,11_Ekman6_disgust_178,612
p,1,2229,2401,11_Ekman6_disgust_178,2315
p,1,3068,3192,11_Ekman6_disgust_178,3130
p,1,140,146,12_CMU_MOSEI_iceSGs0MXaA,143
p,1,2037,2043,12_CMU_MOSEI_iceSGs0MXaA,2040
p,1,2727,2733,12_CMU_MOSEI_iceSGs0MXaA,2730
p,1,5370,5374,12_CMU_MOSEI_iceSGs0MXaA,5372
n,0,6167,6171,12_CMU_MOSEI_iceSGs0MXaA,6169
p,1,6828,6831,12_CMU_MOSEI_iceSGs0MXaA,6829
p,1,7387,7391,12_CMU_MOSEI_iceSGs0MXaA,7389
p,1,1357,1358,13_Ekman6_disgust_123,1357
p,1,3476,3476,13_Ekman6_disgust_123,3476
p,1,4714,4717,13_Ekman6_disgust_123,4715
p,1,5216,5218,13_Ekman6_disgust_123,5217
p,1,6181,6185,13_Ekman6_disgust_123,6183
p,1,6753,6755,13_Ekman6_disgust_123,6754
p,1,7369,7371,13_Ekman6_disgust_123,7370
p,1,7912,7914,13_Ekman6_disgust_123,7913
p,1,8633,8636,13_Ekman6_disgust_123,8634
p,1,179,200,15_Ekman6_joy_1355,189
p,1,452,478,15_Ekman6_joy_1355,465
p,1,911,935,15_Ekman6_joy_1355,923
p,1,1529,1563,15_Ekman6_joy_1355,1546
p,1,1977,1990,15_Ekman6_joy_1355,1983
p,1,2400,2430,15_Ekman6_joy_1355,2415
p,1,3071,3089,15_Ekman6_joy_1355,3080
p,1,3404,3405,15_Ekman6_joy_1355,3404
p,1,4022,4047,15_Ekman6_joy_1355,4034
p,1,4861,4863,15_Ekman6_joy_1355,4862
p,1,5492,5533,15_Ekman6_joy_1355,5512
p,1,491,496,19_VideoEmotion8_Surprise_962,493
p,1,1230,1236,19_VideoEmotion8_Surprise_962,1233
p,1,1902,1909,19_VideoEmotion8_Surprise_962,1905
p,1,3566,3572,19_VideoEmotion8_Surprise_962,3569
p,1,4126,4131,19_VideoEmotion8_Surprise_962,4128
p,1,5941,5946,19_VideoEmotion8_Surprise_962,5943
p,1,413,415,22_VideoEmotion8_Surprise_792,414
p,1,981,983,22_VideoEmotion8_Surprise_792,982
p,1,1425,1427,22_VideoEmotion8_Surprise_792,1426
p,1,1880,1882,22_VideoEmotion8_Surprise_792,1881
p,1,2844,2847,22_VideoEmotion8_Surprise_792,2845
p,1,3302,3304,22_VideoEmotion8_Surprise_792,3303
n,0,158,161,23_Ekman6_sadness_1540,159
n,0,364,369,23_Ekman6_sadness_1540,366
n,0,584,587,23_Ekman6_sadness_1540,585
n,0,893,896,23_Ekman6_sadness_1540,894
n,0,1077,1081,23_Ekman6_sadness_1540,1079
n,0,2094,2097,23_Ekman6_sadness_1540,2095
n,0,2556,2561,23_Ekman6_sadness_1540,2558
n,0,3018,3022,23_Ekman6_sadness_1540,3020
p,1,344,348,25_CMU_MOSEI_HxyfY7hsjOg,346
p,1,838,842,25_CMU_MOSEI_HxyfY7hsjOg,840
p,1,2228,2231,25_CMU_MOSEI_HxyfY7hsjOg,2229
p,1,3284,3288,25_CMU_MOSEI_HxyfY7hsjOg,3286
p,1,3953,3960,25_CMU_MOSEI_HxyfY7hsjOg,3956
n,0,843,849,26_CMU_MOSEI_pfCPogxnUfw,846
n,0,1321,1328,26_CMU_MOSEI_pfCPogxnUfw,1324
n,0,2087,2095,26_CMU_MOSEI_pfCPogxnUfw,2091
p,1,4427,4439,26_CMU_MOSEI_pfCPogxnUfw,4433
p,1,4756,4764,26_CMU_MOSEI_pfCPogxnUfw,4760
p,1,1055,1056,27_CMU_MOSEI_ogGweZUAVtU,1055
p,1,1547,1551,27_CMU_MOSEI_ogGweZUAVtU,1549
n,0,1342,1388,28_Ekman6_sadness_1583,1365
n,0,1811,1900,28_Ekman6_sadness_1583,1855
n,0,3509,3568,28_Ekman6_sadness_1583,3538
n,0,4891,4965,28_Ekman6_sadness_1583,4928
n,0,5732,5858,28_Ekman6_sadness_1583,5795
n,0,971,975,29_Ekman6_anger_1048,973
n,0,1503,1505,29_Ekman6_anger_1048,1504
n,0,1611,1612,29_Ekman6_anger_1048,1611
n,0,2117,2118,29_Ekman6_anger_1048,2117
n,0,3065,3069,29_Ekman6_anger_1048,3067
n,0,5919,5924,29_Ekman6_anger_1048,5921
n,0,6176,6178,29_Ekman6_anger_1048,6177
n,0,4,10,31_VideoEmotion8_Anger_85,7
n,0,2120,2126,31_VideoEmotion8_Anger_85,2123
n,0,2861,2868,31_VideoEmotion8_Anger_85,2864
n,0,5480,5485,31_VideoEmotion8_Anger_85,5482
n,0,7348,7354,31_VideoEmotion8_Anger_85,7351
n,0,8108,8115,31_VideoEmotion8_Anger_85,8111
n,0,9403,9413,31_VideoEmotion8_Anger_85,9408
n,0,10327,10333,31_VideoEmotion8_Anger_85,10330
n,0,11842,11849,31_VideoEmotion8_Anger_85,11845
n,0,12937,12945,31_VideoEmotion8_Anger_85,12941
n,0,14318,14326,31_VideoEmotion8_Anger_85,14322
n,0,16570,16577,31_VideoEmotion8_Anger_85,16573
p,1,18209,18216,31_VideoEmotion8_Anger_85,18212
p,1,19474,19483,31_VideoEmotion8_Anger_85,19478
n,0,20312,20317,31_VideoEmotion8_Anger_85,20314
n,0,20815,20823,31_VideoEmotion8_Anger_85,20819
n,0,24692,24701,31_VideoEmotion8_Anger_85,24696
p,1,2584,2585,34_CMU_MOSEI_1HS2HcN2LDo,2584
p,1,3280,3282,34_CMU_MOSEI_1HS2HcN2LDo,3281
p,1,5932,5934,34_CMU_MOSEI_1HS2HcN2LDo,5933
p,1,6108,6110,34_CMU_MOSEI_1HS2HcN2LDo,6109
p,1,6247,6249,34_CMU_MOSEI_1HS2HcN2LDo,6248
p,1,6400,6401,34_CMU_MOSEI_1HS2HcN2LDo,6400
p,1,6679,6680,34_CMU_MOSEI_1HS2HcN2LDo,6679
p,1,6930,6932,34_CMU_MOSEI_1HS2HcN2LDo,6931
p,1,7115,7116,34_CMU_MOSEI_1HS2HcN2LDo,7115
p,1,546,552,35_CMU_MOSEI_gXDRWhJbfFU,549
p,1,1137,1145,35_CMU_MOSEI_gXDRWhJbfFU,1141
p,1,1865,1872,35_CMU_MOSEI_gXDRWhJbfFU,1868
p,1,3374,3382,35_CMU_MOSEI_gXDRWhJbfFU,3378
p,1,1840,1846,36_Ekman6_surprise_541,1843
p,1,2180,2189,36_Ekman6_surprise_541,2184
p,1,3585,3595,36_Ekman6_surprise_541,3590
p,1,4740,4749,36_Ekman6_surprise_541,4744
p,1,3754,3847,37_Ekman6_surprise_503,3800
p,1,5574,5637,37_Ekman6_surprise_503,5605
p,1,6308,6320,38_VideoEmotion8_Anticipation_170,6314
p,1,8079,8085,38_VideoEmotion8_Anticipation_170,8082
p,1,13061,13074,38_VideoEmotion8_Anticipation_170,13067
p,1,1976,2083,39_CMU_MOSEI_255226,2029
n,0,1252,1255,43_Ekman6_surprise_317,1253
n,0,1622,1623,43_Ekman6_surprise_317,1622
n,0,2059,2062,43_Ekman6_surprise_317,2060
n,0,2884,2885,43_Ekman6_surprise_317,2884
n,0,3779,3782,43_Ekman6_surprise_317,3780
p,1,5221,5224,43_Ekman6_surprise_317,5222
p,1,600,800,45_CMU_MOSEI_-NFrJFQijFE,700
p,1,3106,3197,45_CMU_MOSEI_-NFrJFQijFE,3151
p,1,8800,9000,45_CMU_MOSEI_-NFrJFQijFE,8900
p,1,10643,10709,45_CMU_MOSEI_-NFrJFQijFE,10676
p,1,610,677,49_Ekman6_joy_1159,643
p,1,2059,2103,49_Ekman6_joy_1159,2081
p,1,507,509,50_VideoEmotion8_Surprise_949,508
p,1,2340,2343,50_VideoEmotion8_Surprise_949,2341
p,1,2934,2936,50_VideoEmotion8_Surprise_949,2935
p,1,3346,3349,50_VideoEmotion8_Surprise_949,3347
p,1,3463,3465,50_VideoEmotion8_Surprise_949,3464
p,1,4049,4050,50_VideoEmotion8_Surprise_949,4049
p,1,4417,4419,50_VideoEmotion8_Surprise_949,4418
p,1,5894,5896,50_VideoEmotion8_Surprise_949,5895
p,1,6328,6329,50_VideoEmotion8_Surprise_949,6328
p,1,6841,6845,50_VideoEmotion8_Surprise_949,6843
n,0,1061,1066,51_CMU_MOSEI_ADYia28RrFU,1063
p,1,2201,2206,51_CMU_MOSEI_ADYia28RrFU,2203
p,1,3681,3686,51_CMU_MOSEI_ADYia28RrFU,3683
p,1,5482,5490,51_CMU_MOSEI_ADYia28RrFU,5486
p,1,7546,7553,51_CMU_MOSEI_ADYia28RrFU,7549
p,1,9157,9165,51_CMU_MOSEI_ADYia28RrFU,9161
p,1,9471,9479,51_CMU_MOSEI_ADYia28RrFU,9475
p,1,11834,11841,51_CMU_MOSEI_ADYia28RrFU,11837
p,1,1052,1054,53_Ekman6_joy_1283,1053
p,1,1146,1147,53_Ekman6_joy_1283,1146
p,1,2137,2139,53_Ekman6_joy_1283,2138
p,1,2799,2802,53_Ekman6_joy_1283,2800
p,1,3075,3077,53_Ekman6_joy_1283,3076
p,1,3306,3306,53_Ekman6_joy_1283,3306
p,1,4041,4044,53_Ekman6_joy_1283,4042
p,1,4498,4499,53_Ekman6_joy_1283,4498
n,0,742,752,54_Ekman6_sadness_1461,747
p,1,2105,2116,54_Ekman6_sadness_1461,2110
n,0,3249,3258,54_Ekman6_sadness_1461,3253
n,0,3958,3968,54_Ekman6_sadness_1461,3963
n,0,4782,4790,54_Ekman6_sadness_1461,4786
n,0,5203,5211,54_Ekman6_sadness_1461,5207
n,0,85,86,57_Ekman6_anger_898,85
n,0,468,470,57_Ekman6_anger_898,469
n,0,690,693,57_Ekman6_anger_898,691
n,0,1434,1436,57_Ekman6_anger_898,1435
n,0,1927,1929,57_Ekman6_anger_898,1928
n,0,2634,2635,57_Ekman6_anger_898,2634
n,0,3933,3937,57_Ekman6_anger_898,3935
p,1,384,391,58_CMU_MOSEI_VDkBM0ZG4q8,387
p,1,2286,2291,58_CMU_MOSEI_VDkBM0ZG4q8,2288
p,1,5682,5687,58_CMU_MOSEI_VDkBM0ZG4q8,5684
p,1,7440,7447,58_CMU_MOSEI_VDkBM0ZG4q8,7443
p,1,1455,1500,59_CMU_MOSEI_iMss8xBhFiI,1477
p,1,3831,3833,59_CMU_MOSEI_iMss8xBhFiI,3832
p,1,2839,2892,61_CMU_MOSEI_zFTuwjr3xq0,2865
p,1,7252,7320,61_CMU_MOSEI_zFTuwjr3xq0,7286
n,0,77,85,62_Ekman6_anger_1093,81
n,0,316,322,62_Ekman6_anger_1093,319
n,0,837,847,62_Ekman6_anger_1093,842
n,0,1335,1341,62_Ekman6_anger_1093,1338
n,0,1895,1904,62_Ekman6_anger_1093,1899
n,0,2178,2186,62_Ekman6_anger_1093,2182
p,1,1225,1235,63_CMU_MOSEI_QzdEjKQFisQ,1230
p,1,1964,1975,63_CMU_MOSEI_QzdEjKQFisQ,1969
p,1,2569,2578,63_CMU_MOSEI_QzdEjKQFisQ,2573
n,0,3610,3620,63_CMU_MOSEI_QzdEjKQFisQ,3615
p,1,4325,4338,63_CMU_MOSEI_QzdEjKQFisQ,4331
p,1,5550,5558,63_CMU_MOSEI_QzdEjKQFisQ,5554
p,1,6728,6747,63_CMU_MOSEI_QzdEjKQFisQ,6737
p,1,2355,2425,65_Ekman6_disgust_83,2390
p,1,2721,2765,65_Ekman6_disgust_83,2743
p,1,4729,4873,65_Ekman6_disgust_83,4801
p,1,269,309,66_Ekman6_surprise_490,289
p,1,1550,1632,66_Ekman6_surprise_490,1591
p,1,2972,3068,66_Ekman6_surprise_490,3020
p,1,3892,3956,66_Ekman6_surprise_490,3924
p,1,83,83,67_CMU_MOSEI_SKTyBOhDX6U,83
p,1,560,562,67_CMU_MOSEI_SKTyBOhDX6U,561
n,0,3141,3143,67_CMU_MOSEI_SKTyBOhDX6U,3142
n,0,3857,3858,67_CMU_MOSEI_SKTyBOhDX6U,3857
p,1,4981,4982,67_CMU_MOSEI_SKTyBOhDX6U,4981
p,1,6029,6031,67_CMU_MOSEI_SKTyBOhDX6U,6030
p,1,7559,7561,67_CMU_MOSEI_SKTyBOhDX6U,7560
n,0,756,791,68_Ekman6_sadness_1559,773
n,0,2026,2092,68_Ekman6_sadness_1559,2059
p,1,1072,1078,69_Ekman6_joy_1138,1075
p,1,1640,1646,69_Ekman6_joy_1138,1643
p,1,2835,2841,69_Ekman6_joy_1138,2838
p,1,4696,4702,69_Ekman6_joy_1138,4699
p,1,5299,5306,69_Ekman6_joy_1138,5302
p,1,5761,5766,69_Ekman6_joy_1138,5763
p,1,6312,6318,69_Ekman6_joy_1138,6315
p,1,6468,6475,69_Ekman6_joy_1138,6471
p,1,6720,6726,69_Ekman6_joy_1138,6723
p,1,2492,2536,71_CMU_MOSEI__gzYkdjNvPc,2514
p,1,3056,3057,72_Ekman6_surprise_277,3056
p,1,3865,3867,72_Ekman6_surprise_277,3866
p,1,4495,4497,72_Ekman6_surprise_277,4496
p,1,5366,5369,72_Ekman6_surprise_277,5367
p,1,6218,6220,72_Ekman6_surprise_277,6219
p,1,828,836,73_CMU_MOSEI_IM6HW1HwHhM,832
p,1,1893,1903,73_CMU_MOSEI_IM6HW1HwHhM,1898
p,1,3499,3507,73_CMU_MOSEI_IM6HW1HwHhM,3503
p,1,4283,4296,73_CMU_MOSEI_IM6HW1HwHhM,4289
p,1,5671,5680,73_CMU_MOSEI_IM6HW1HwHhM,5675
n,0,423,434,74_Ekman6_surprise_310,428
p,1,1600,1611,74_Ekman6_surprise_310,1605
p,1,2160,2171,74_Ekman6_surprise_310,2165
p,1,2664,2672,74_Ekman6_surprise_310,2668
p,1,3565,3580,74_Ekman6_surprise_310,3572
p,1,4289,4299,74_Ekman6_surprise_310,4294
p,1,4633,4647,74_Ekman6_surprise_310,4640
p,1,5314,5322,74_Ekman6_surprise_310,5318
p,1,6375,6383,74_Ekman6_surprise_310,6379
p,1,527,536,75_CMU_MOSEI_255205,531
p,1,2403,2417,75_CMU_MOSEI_255205,2410
p,1,3785,3795,75_CMU_MOSEI_255205,3790
p,1,360,362,76_Ekman6_fear_790,361
p,1,920,921,76_Ekman6_fear_790,920
p,1,1198,1199,76_Ekman6_fear_790,1198
p,1,2076,2078,76_Ekman6_fear_790,2077
p,1,3101,3139,77_CMU_MOSEI_3DOrdP4H8SA,3120
p,1,7945,7994,77_CMU_MOSEI_3DOrdP4H8SA,7969
n,0,920,923,78_CMU_MOSEI_9OY3NU2ycVw,921
p,1,2705,2707,78_CMU_MOSEI_9OY3NU2ycVw,2706
p,1,3309,3312,78_CMU_MOSEI_9OY3NU2ycVw,3310
p,1,5400,5404,78_CMU_MOSEI_9OY3NU2ycVw,5402
p,1,8259,8261,78_CMU_MOSEI_9OY3NU2ycVw,8260
p,1,9500,9502,78_CMU_MOSEI_9OY3NU2ycVw,9501
n,0,2752,2759,80_Ekman6_disgust_99,2755
n,0,3440,3446,80_Ekman6_disgust_99,3443
n,0,4186,4193,80_Ekman6_disgust_99,4189
n,0,4789,4797,80_Ekman6_disgust_99,4793
n,0,5871,5878,80_Ekman6_disgust_99,5874
n,0,6492,6501,80_Ekman6_disgust_99,6496
n,0,7056,7065,80_Ekman6_disgust_99,7060
n,0,5675,5699,81_VideoEmotion8_Fear_467,5687
n,0,6006,6040,81_VideoEmotion8_Fear_467,6023
n,0,8512,8527,81_VideoEmotion8_Fear_467,8519
n,0,9802,9830,81_VideoEmotion8_Fear_467,9816
n,0,11003,11027,81_VideoEmotion8_Fear_467,11015
n,0,12121,12148,81_VideoEmotion8_Fear_467,12134
p,1,951,981,83_Ekman6_surprise_460,966
p,1,1186,1188,83_Ekman6_surprise_460,1187
p,1,2301,2330,83_Ekman6_surprise_460,2315
p,1,4135,4187,83_Ekman6_surprise_460,4161
p,1,3161,3231,84_Ekman6_anger_951,3196
n,0,3883,3909,84_Ekman6_anger_951,3896
p,1,397,408,85_CMU_MOSI_9J25DZhivz8,402
p,1,2070,2081,85_CMU_MOSI_9J25DZhivz8,2075
p,1,2764,2778,85_CMU_MOSI_9J25DZhivz8,2771
p,1,3645,3656,85_CMU_MOSI_9J25DZhivz8,3650
n,0,4326,4338,85_CMU_MOSI_9J25DZhivz8,4332
n,0,1909,1924,86_Ekman6_sadness_1524,1916
n,0,2247,2258,86_Ekman6_sadness_1524,2252
n,0,3222,3234,86_Ekman6_sadness_1524,3228
n,0,4332,4348,86_Ekman6_sadness_1524,4340
n,0,5024,5037,86_Ekman6_sadness_1524,5030
n,0,5787,5798,86_Ekman6_sadness_1524,5792
n,0,6555,6566,86_Ekman6_sadness_1524,6560
n,0,73,85,87_Ekman6_anger_943,79
n,0,360,368,87_Ekman6_anger_943,364
n,0,751,760,87_Ekman6_anger_943,755
n,0,1146,1158,87_Ekman6_anger_943,1152
n,0,1849,1864,87_Ekman6_anger_943,1856
n,0,2297,2308,87_Ekman6_anger_943,2302
n,0,1273,1286,89_CMU_MOSEI_iREkcXde5ds,1279
n,0,2434,2447,89_CMU_MOSEI_iREkcXde5ds,2440
p,1,2596,2606,89_CMU_MOSEI_iREkcXde5ds,2601
n,0,3377,3392,89_CMU_MOSEI_iREkcXde5ds,3384
n,0,5621,5642,89_CMU_MOSEI_iREkcXde5ds,5631
n,0,8506,8524,89_CMU_MOSEI_iREkcXde5ds,8515
n,0,9494,9506,89_CMU_MOSEI_iREkcXde5ds,9500
n,0,489,490,90_Ekman6_anger_929,489
n,0,850,852,90_Ekman6_anger_929,851
n,0,1773,1774,90_Ekman6_anger_929,1773
n,0,1981,1982,90_Ekman6_anger_929,1981
n,0,2442,2445,90_Ekman6_anger_929,2443
p,1,4379,4381,90_Ekman6_anger_929,4380
p,1,1187,1197,97_CMU_MOSEI_qjMyjLSORY4,1192
p,1,2655,2668,97_CMU_MOSEI_qjMyjLSORY4,2661
p,1,2951,2961,97_CMU_MOSEI_qjMyjLSORY4,2956
p,1,3717,3731,97_CMU_MOSEI_qjMyjLSORY4,3724
p,1,5530,5544,97_CMU_MOSEI_qjMyjLSORY4,5537
p,1,110,111,98_CMU_MOSEI_sPxoGNvnVzg,110
p,1,544,545,98_CMU_MOSEI_sPxoGNvnVzg,544
p,1,941,943,98_CMU_MOSEI_sPxoGNvnVzg,942
p,1,2083,2085,98_CMU_MOSEI_sPxoGNvnVzg,2084
p,1,3627,3629,98_CMU_MOSEI_sPxoGNvnVzg,3628
p,1,4034,4035,98_CMU_MOSEI_sPxoGNvnVzg,4034
p,1,7581,7584,98_CMU_MOSEI_sPxoGNvnVzg,7582
p,1,8887,8889,98_CMU_MOSEI_sPxoGNvnVzg,8888
p,1,676,691,100_CMU_MOSEI_tkzdanzsA0A,683
p,1,3234,3252,100_CMU_MOSEI_tkzdanzsA0A,3243
p,1,6448,6460,100_CMU_MOSEI_tkzdanzsA0A,6454
p,1,7386,7399,100_CMU_MOSEI_tkzdanzsA0A,7392
p,1,10089,10101,100_CMU_MOSEI_tkzdanzsA0A,10095
p,1,12785,12796,100_CMU_MOSEI_tkzdanzsA0A,12790
p,1,13416,13436,100_CMU_MOSEI_tkzdanzsA0A,13426
p,1,14579,14594,100_CMU_MOSEI_tkzdanzsA0A,14586
p,1,128,129,101_Ekman6_sadness_1562,128
p,1,1196,1199,101_Ekman6_sadness_1562,1197
p,1,1470,1472,101_Ekman6_sadness_1562,1471
p,1,2036,2039,101_Ekman6_sadness_1562,2037
p,1,2552,2555,101_Ekman6_sadness_1562,2553
p,1,2782,2786,101_Ekman6_sadness_1562,2784
p,1,3417,3419,101_Ekman6_sadness_1562,3418
p,1,3597,3599,101_Ekman6_sadness_1562,3598
p,1,3752,3758,101_Ekman6_sadness_1562,3755
n,0,2802,2892,108_CMU_MOSEI_1knHBRVPoYQ,2847
p,1,6331,6458,108_CMU_MOSEI_1knHBRVPoYQ,6394
p,1,15569,15756,108_CMU_MOSEI_1knHBRVPoYQ,15662
p,1,2345,2347,109_Ekman6_fear_683,2346
p,1,5374,5376,109_Ekman6_fear_683,5375
p,1,573,608,110_CMU_MOSEI_1CjUHNYzW1E,590
p,1,7163,7212,110_CMU_MOSEI_1CjUHNYzW1E,7187
n,0,8839,8864,110_CMU_MOSEI_1CjUHNYzW1E,8851
p,1,12179,12262,110_CMU_MOSEI_1CjUHNYzW1E,12220
n,0,2229,2391,114_Ekman6_sadness_1512,2310
n,0,6083,6227,114_Ekman6_sadness_1512,6155
p,1,381,487,115_Ekman6_joy_1411,434
p,1,1847,1874,115_Ekman6_joy_1411,1860
p,1,2266,2378,115_Ekman6_joy_1411,2322
p,1,2672,2675,115_Ekman6_joy_1411,2673
p,1,3154,3220,115_Ekman6_joy_1411,3187
p,1,3615,3645,115_Ekman6_joy_1411,3630
p,1,3926,3988,115_Ekman6_joy_1411,3957
p,1,4277,4321,115_Ekman6_joy_1411,4299
p,1,373,411,117_VideoEmotion8_Surprise_988,392
p,1,1079,1156,117_VideoEmotion8_Surprise_988,1117
p,1,1576,1630,117_VideoEmotion8_Surprise_988,1603
p,1,2154,2179,117_VideoEmotion8_Surprise_988,2166
p,1,2480,2496,117_VideoEmotion8_Surprise_988,2488
p,1,2809,2858,117_VideoEmotion8_Surprise_988,2833
p,1,3488,3501,117_VideoEmotion8_Surprise_988,3494
p,1,2081,2092,124_CMU_MOSEI_gjEYmdWrBLM,2086
p,1,2880,2888,124_CMU_MOSEI_gjEYmdWrBLM,2884
p,1,3461,3471,124_CMU_MOSEI_gjEYmdWrBLM,3466
p,1,4278,4289,124_CMU_MOSEI_gjEYmdWrBLM,4283
p,1,4761,4773,124_CMU_MOSEI_gjEYmdWrBLM,4767
n,0,346,348,125_VideoEmotion8_Anger_38,347
n,0,607,610,125_VideoEmotion8_Anger_38,608
n,0,915,916,125_VideoEmotion8_Anger_38,915
n,0,1127,1129,125_VideoEmotion8_Anger_38,1128
n,0,1401,1402,125_VideoEmotion8_Anger_38,1401
n,0,1913,1915,125_VideoEmotion8_Anger_38,1914
n,0,2364,2364,125_VideoEmotion8_Anger_38,2364
n,0,3047,3050,125_VideoEmotion8_Anger_38,3048
n,0,3775,3777,125_VideoEmotion8_Anger_38,3776
n,0,4223,4224,125_VideoEmotion8_Anger_38,4223
n,0,333,340,126_Ekman6_sadness_1421,336
n,0,840,851,126_Ekman6_sadness_1421,845
n,0,1342,1352,126_Ekman6_sadness_1421,1347
n,0,2077,2092,126_Ekman6_sadness_1421,2084
n,0,2906,2915,126_Ekman6_sadness_1421,2910
n,0,3459,3469,126_Ekman6_sadness_1421,3464
n,0,5324,5341,126_Ekman6_sadness_1421,5332
n,0,799,826,127_Ekman6_anger_986,812
n,0,2961,3006,127_Ekman6_anger_986,2983
n,0,3906,3947,127_Ekman6_anger_986,3926
p,1,5982,6113,130_CMU_MOSEI_W-ptEZFARVo,6047
p,1,8144,8279,130_CMU_MOSEI_W-ptEZFARVo,8211
p,1,11617,11707,130_CMU_MOSEI_W-ptEZFARVo,11662
p,1,12624,12703,130_CMU_MOSEI_W-ptEZFARVo,12663
p,1,14503,14597,130_CMU_MOSEI_W-ptEZFARVo,14550
n,0,1730,1839,132_Ekman6_sadness_1462,1784
n,0,9110,9189,132_Ekman6_sadness_1462,9149
n,0,1003,1004,133_Ekman6_anger_889,1003
n,0,2749,2750,133_Ekman6_anger_889,2749
n,0,2947,2949,133_Ekman6_anger_889,2948
n,0,3390,3392,133_Ekman6_anger_889,3391
n,0,3686,3688,133_Ekman6_anger_889,3687
n,0,3802,3804,133_Ekman6_anger_889,3803
n,0,4078,4078,133_Ekman6_anger_889,4078
n,0,4291,4292,133_Ekman6_anger_889,4291
p,1,482,514,136_Ekman6_sadness_1503,498
n,0,860,882,136_Ekman6_sadness_1503,871
n,0,1062,1130,136_Ekman6_sadness_1503,1096
n,0,1577,1580,136_Ekman6_sadness_1503,1578
n,0,1931,1975,136_Ekman6_sadness_1503,1953
n,0,2386,2389,136_Ekman6_sadness_1503,2387
n,0,3479,3528,136_Ekman6_sadness_1503,3503
n,0,3904,3956,136_Ekman6_sadness_1503,3930
n,0,4059,4130,136_Ekman6_sadness_1503,4094
p,1,580,584,142_Ekman6_fear_753,582
p,1,1122,1123,142_Ekman6_fear_753,1122
p,1,1785,1786,142_Ekman6_fear_753,1785
p,1,1952,1954,142_Ekman6_fear_753,1953
p,1,3324,3326,142_Ekman6_fear_753,3325
p,1,3776,3776,142_Ekman6_fear_753,3776
p,1,2271,2274,145_VideoEmotion8_Anticipation_142,2272
p,1,2544,2545,145_VideoEmotion8_Anticipation_142,2544
p,1,3340,3343,145_VideoEmotion8_Anticipation_142,3341
p,1,3465,3466,145_VideoEmotion8_Anticipation_142,3465
p,1,4000,4002,145_VideoEmotion8_Anticipation_142,4001
p,1,4342,4346,145_VideoEmotion8_Anticipation_142,4344
p,1,5225,5227,145_VideoEmotion8_Anticipation_142,5226
p,1,5662,5664,145_VideoEmotion8_Anticipation_142,5663
p,1,900,969,146_Ekman6_surprise_406,934
p,1,1648,1808,146_Ekman6_surprise_406,1728
p,1,2341,2409,146_Ekman6_surprise_406,2375
p,1,2724,2756,146_Ekman6_surprise_406,2740
p,1,811,814,151_Ekman6_disgust_65,812
p,1,1270,1271,151_Ekman6_disgust_65,1270
n,0,2319,2320,151_Ekman6_disgust_65,2319
p,1,2666,2669,151_Ekman6_disgust_65,2667
n,0,3006,3008,151_Ekman6_disgust_65,3007
n,0,3223,3224,151_Ekman6_disgust_65,3223
n,0,3496,3498,151_Ekman6_disgust_65,3497
n,0,3874,3877,151_Ekman6_disgust_65,3875
n,0,4681,4682,151_Ekman6_disgust_65,4681
n,0,6554,6555,151_Ekman6_disgust_65,6554
n,0,6936,6937,151_Ekman6_disgust_65,6936
p,1,315,322,152_Ekman6_sadness_1599,318
p,1,520,526,152_Ekman6_sadness_1599,523
p,1,1606,1614,152_Ekman6_sadness_1599,1610
p,1,3319,3331,152_Ekman6_sadness_1599,3325
p,1,375,435,154_CMU_MOSEI_uogwnZGb-iE,405
p,1,2546,2658,154_CMU_MOSEI_uogwnZGb-iE,2602
p,1,3780,3851,154_CMU_MOSEI_uogwnZGb-iE,3815
n,0,1674,1734,155_Ekman6_surprise_434,1704
p,1,3236,3296,155_Ekman6_surprise_434,3266
p,1,3764,3772,155_Ekman6_surprise_434,3768
p,1,4701,4750,155_Ekman6_surprise_434,4725
p,1,5196,5244,155_Ekman6_surprise_434,5220
p,1,5840,5900,155_Ekman6_surprise_434,5870
n,0,1933,1936,156_Ekman6_sadness_1476,1934
n,0,3385,3387,156_Ekman6_sadness_1476,3386
n,0,3621,3622,156_Ekman6_sadness_1476,3621
n,0,4137,4138,156_Ekman6_sadness_1476,4137
n,0,5111,5115,156_Ekman6_sadness_1476,5113
n,0,299,314,159_CMU_MOSEI_1nXhAjuICTA,306
n,0,1151,1190,159_CMU_MOSEI_1nXhAjuICTA,1170
p,1,2073,2074,159_CMU_MOSEI_1nXhAjuICTA,2073
p,1,2767,2791,159_CMU_MOSEI_1nXhAjuICTA,2779
p,1,4504,4515,162_CMU_MOSEI_0DBfvvIVmqY,4509
p,1,5324,5332,162_CMU_MOSEI_0DBfvvIVmqY,5328
p,1,7119,7128,162_CMU_MOSEI_0DBfvvIVmqY,7123
p,1,8276,8288,162_CMU_MOSEI_0DBfvvIVmqY,8282
p,1,11197,11209,162_CMU_MOSEI_0DBfvvIVmqY,11203
p,1,13343,13352,162_CMU_MOSEI_0DBfvvIVmqY,13347
p,1,15240,15252,162_CMU_MOSEI_0DBfvvIVmqY,15246
p,1,15799,15810,162_CMU_MOSEI_0DBfvvIVmqY,15804
p,1,17855,17866,162_CMU_MOSEI_0DBfvvIVmqY,17860
p,1,387,398,163_Ekman6_surprise_256,392
p,1,507,515,163_Ekman6_surprise_256,511
p,1,820,830,163_Ekman6_surprise_256,825
p,1,1155,1167,163_Ekman6_surprise_256,1161
p,1,1308,1314,163_Ekman6_surprise_256,1311
p,1,1602,1609,163_Ekman6_surprise_256,1605
p,1,2565,2573,163_Ekman6_surprise_256,2569
n,0,1430,1452,164_Ekman6_disgust_222,1441
n,0,2487,2488,164_Ekman6_disgust_222,2487
n,0,3091,3093,164_Ekman6_disgust_222,3092
n,0,517,528,166_Ekman6_anger_972,522
n,0,1436,1442,166_Ekman6_anger_972,1439
n,0,2468,2478,166_Ekman6_anger_972,2473
n,0,4371,4378,166_Ekman6_anger_972,4374
n,0,4866,4877,166_Ekman6_anger_972,4871
n,0,5281,5290,166_Ekman6_anger_972,5285
n,0,445,445,169_Ekman6_disgust_53,445
n,0,701,702,169_Ekman6_disgust_53,701
n,0,963,966,169_Ekman6_disgust_53,964
n,0,1133,1134,169_Ekman6_disgust_53,1133
n,0,1367,1367,169_Ekman6_disgust_53,1367
n,0,1694,1695,169_Ekman6_disgust_53,1694
n,0,1922,1924,169_Ekman6_disgust_53,1923
n,0,1973,1975,169_Ekman6_disgust_53,1974
n,0,2534,2536,169_Ekman6_disgust_53,2535
n,0,2856,2859,169_Ekman6_disgust_53,2857
n,0,3536,3538,169_Ekman6_disgust_53,3537
n,0,3824,3825,169_Ekman6_disgust_53,3824
n,0,4232,4233,169_Ekman6_disgust_53,4232
p,1,5499,5501,169_Ekman6_disgust_53,5500
p,1,5624,5628,169_Ekman6_disgust_53,5626
p,1,5728,5730,169_Ekman6_disgust_53,5729
p,1,5872,5874,169_Ekman6_disgust_53,5873
n,0,419,428,171_CMU_MOSEI_NocexkPXja8,423
n,0,1293,1305,171_CMU_MOSEI_NocexkPXja8,1299
n,0,2651,2661,171_CMU_MOSEI_NocexkPXja8,2656
n,0,3235,3246,171_CMU_MOSEI_NocexkPXja8,3240
n,0,3917,3926,171_CMU_MOSEI_NocexkPXja8,3921
n,0,4668,4674,171_CMU_MOSEI_NocexkPXja8,4671
p,1,1016,1024,172_CMU_MOSEI_jrDqduyQrfo,1020
p,1,2344,2352,172_CMU_MOSEI_jrDqduyQrfo,2348
p,1,3125,3137,172_CMU_MOSEI_jrDqduyQrfo,3131
p,1,3650,3655,172_CMU_MOSEI_jrDqduyQrfo,3652
p,1,2810,2817,173_Ekman6_surprise_585,2813
p,1,3002,3008,173_Ekman6_surprise_585,3005
p,1,3252,3260,173_Ekman6_surprise_585,3256
p,1,4404,4417,173_Ekman6_surprise_585,4410
n,0,428,430,175_Ekman6_fear_784,429
n,0,1416,1418,175_Ekman6_fear_784,1417
n,0,1609,1613,175_Ekman6_fear_784,1611
n,0,1700,1702,175_Ekman6_fear_784,1701
n,0,1772,1776,175_Ekman6_fear_784,1774
n,0,1943,1945,175_Ekman6_fear_784,1944
n,0,2233,2235,175_Ekman6_fear_784,2234
n,0,2938,2940,175_Ekman6_fear_784,2939
n,0,3537,3540,175_Ekman6_fear_784,3538
n,0,3722,3724,175_Ekman6_fear_784,3723
n,0,4000,4002,175_Ekman6_fear_784,4001
n,0,4489,4492,175_Ekman6_fear_784,4490
n,0,4899,4903,175_Ekman6_fear_784,4901
n,0,5069,5071,175_Ekman6_fear_784,5070
n,0,5305,5308,175_Ekman6_fear_784,5306
n,0,104,110,177_Ekman6_anger_1081,107
n,0,403,412,177_Ekman6_anger_1081,407
n,0,659,663,177_Ekman6_anger_1081,661
n,0,1364,1371,177_Ekman6_anger_1081,1367
n,0,1914,1921,177_Ekman6_anger_1081,1917
n,0,4106,4113,177_Ekman6_anger_1081,4109
n,0,520,529,188_Ekman6_fear_729,524
p,1,1408,1417,188_Ekman6_fear_729,1412
p,1,2439,2449,188_Ekman6_fear_729,2444
p,1,3767,3780,188_Ekman6_fear_729,3773
p,1,4585,4595,188_Ekman6_fear_729,4590
p,1,758,817,190_VideoEmotion8_Surprise_956,787
p,1,1129,1172,190_VideoEmotion8_Surprise_956,1150
p,1,1870,1924,190_VideoEmotion8_Surprise_956,1897
p,1,3027,3075,190_VideoEmotion8_Surprise_956,3051
p,1,4119,4158,190_VideoEmotion8_Surprise_956,4138
p,1,4827,4851,190_VideoEmotion8_Surprise_956,4839
n,0,586,606,191_Ekman6_surprise_593,596
n,0,3456,3496,191_Ekman6_surprise_593,3476
p,1,405,408,192_VideoEmotion8_Trust_1029,406
p,1,780,781,192_VideoEmotion8_Trust_1029,780
p,1,1479,1481,192_VideoEmotion8_Trust_1029,1480
p,1,2004,2007,192_VideoEmotion8_Trust_1029,2005
p,1,2567,2568,192_VideoEmotion8_Trust_1029,2567
p,1,3921,3922,192_VideoEmotion8_Trust_1029,3921
p,1,4431,4432,192_VideoEmotion8_Trust_1029,4431
p,1,5532,5534,192_VideoEmotion8_Trust_1029,5533
p,1,6582,6584,192_VideoEmotion8_Trust_1029,6583
p,1,6934,6935,192_VideoEmotion8_Trust_1029,6934
n,0,1519,1554,193_Ekman6_surprise_403,1536
n,0,2396,2439,193_Ekman6_surprise_403,2417
n,0,14,21,194_Ekman6_disgust_213,17
n,0,801,811,194_Ekman6_disgust_213,806
n,0,1294,1307,194_Ekman6_disgust_213,1300
n,0,1702,1712,194_Ekman6_disgust_213,1707
n,0,2507,2517,194_Ekman6_disgust_213,2512
n,0,2859,2869,194_Ekman6_disgust_213,2864
n,0,3163,3168,194_Ekman6_disgust_213,3165
n,0,3721,3732,194_Ekman6_disgust_213,3726
n,0,4140,4146,194_Ekman6_disgust_213,4143
n,0,378,403,195_Ekman6_sadness_1631,390
n,0,785,817,195_Ekman6_sadness_1631,801
n,0,1044,1045,195_Ekman6_sadness_1631,1044
n,0,1321,1354,195_Ekman6_sadness_1631,1337
n,0,1776,1798,195_Ekman6_sadness_1631,1787
p,1,2938,2975,195_Ekman6_sadness_1631,2956
p,1,4018,4054,195_Ekman6_sadness_1631,4036
p,1,4495,4497,196_Ekman6_surprise_516,4496
n,0,117,131,197_Ekman6_fear_783,124
p,1,676,682,197_Ekman6_fear_783,679
n,0,1578,1588,197_Ekman6_fear_783,1583
p,1,2200,2208,197_Ekman6_fear_783,2204
p,1,2763,2772,197_Ekman6_fear_783,2767
p,1,4390,4399,197_Ekman6_fear_783,4394
p,1,136,174,200_Ekman6_disgust_81,155
p,1,461,511,200_Ekman6_disgust_81,486
p,1,943,1004,200_Ekman6_disgust_81,973
p,1,1619,1661,200_Ekman6_disgust_81,1640
p,1,2374,2409,200_Ekman6_disgust_81,2391
p,1,2483,2529,200_Ekman6_disgust_81,2506
p,1,3841,3868,200_Ekman6_disgust_81,3854
p,1,2371,2392,202_CMU_MOSEI_dQ56b0bqmc8,2381
p,1,4635,4662,202_CMU_MOSEI_dQ56b0bqmc8,4648
n,0,712,712,203_Ekman6_fear_689,712
n,0,1707,1709,203_Ekman6_fear_689,1708
n,0,2066,2068,203_Ekman6_fear_689,2067
n,0,2281,2282,203_Ekman6_fear_689,2281
n,0,2424,2426,203_Ekman6_fear_689,2425
n,0,2756,2757,203_Ekman6_fear_689,2756
n,0,3546,3547,203_Ekman6_fear_689,3546
n,0,4696,4698,203_Ekman6_fear_689,4697
n,0,5537,5538,203_Ekman6_fear_689,5537
n,0,1270,1294,205_VideoEmotion8_Anticipation_199,1282
n,0,3070,3097,205_VideoEmotion8_Anticipation_199,3083
p,1,177,178,206_CMU_MOSI_wMbj6ajWbic,177
p,1,2311,2313,206_CMU_MOSI_wMbj6ajWbic,2312
n,0,3225,3227,206_CMU_MOSI_wMbj6ajWbic,3226
p,1,5153,5155,206_CMU_MOSI_wMbj6ajWbic,5154
p,1,784,787,207_Ekman6_surprise_546,785
p,1,816,817,207_Ekman6_surprise_546,816
p,1,845,847,207_Ekman6_surprise_546,846
p,1,1003,1005,207_Ekman6_surprise_546,1004
p,1,1552,1553,207_Ekman6_surprise_546,1552
p,1,1662,1663,207_Ekman6_surprise_546,1662
p,1,1929,1929,207_Ekman6_surprise_546,1929
p,1,2068,2071,207_Ekman6_surprise_546,2069
p,1,2153,2154,207_Ekman6_surprise_546,2153
p,1,3274,3275,207_Ekman6_surprise_546,3274
p,1,4316,4317,207_Ekman6_surprise_546,4316
p,1,4868,4870,207_Ekman6_surprise_546,4869
p,1,6106,6108,210_CMU_MOSEI_5qxZFmIaynE,6107
p,1,6682,6683,210_CMU_MOSEI_5qxZFmIaynE,6682
n,0,195,204,212_Ekman6_anger_1011,199
n,0,815,822,212_Ekman6_anger_1011,818
n,0,1307,1313,212_Ekman6_anger_1011,1310
n,0,1659,1664,212_Ekman6_anger_1011,1661
n,0,2338,2344,212_Ekman6_anger_1011,2341
n,0,2675,2681,212_Ekman6_anger_1011,2678
n,0,3571,3582,212_Ekman6_anger_1011,3576
n,0,4129,4136,212_Ekman6_anger_1011,4132
n,0,292,293,214_Ekman6_anger_954,292
n,0,443,444,214_Ekman6_anger_954,443
n,0,677,678,214_Ekman6_anger_954,677
n,0,735,737,214_Ekman6_anger_954,736
n,0,793,795,214_Ekman6_anger_954,794
n,0,851,853,214_Ekman6_anger_954,852
n,0,905,907,214_Ekman6_anger_954,906
n,0,998,1000,214_Ekman6_anger_954,999
n,0,1100,1101,214_Ekman6_anger_954,1100
n,0,1146,1148,214_Ekman6_anger_954,1147
n,0,1271,1273,214_Ekman6_anger_954,1272
n,0,1390,1391,214_Ekman6_anger_954,1390
n,0,1429,1431,214_Ekman6_anger_954,1430
n,0,1533,1534,214_Ekman6_anger_954,1533
n,0,1694,1695,214_Ekman6_anger_954,1694
n,0,1791,1792,214_Ekman6_anger_954,1791
n,0,2047,2048,214_Ekman6_anger_954,2047
n,0,2127,2128,214_Ekman6_anger_954,2127
n,0,2292,2293,214_Ekman6_anger_954,2292
n,0,2421,2423,214_Ekman6_anger_954,2422
n,0,2611,2612,214_Ekman6_anger_954,2611
n,0,2740,2742,214_Ekman6_anger_954,2741
n,0,2831,2833,214_Ekman6_anger_954,2832
n,0,2945,2946,214_Ekman6_anger_954,2945
n,0,3121,3122,214_Ekman6_anger_954,3121
n,0,3185,3186,214_Ekman6_anger_954,3185
n,0,3263,3265,214_Ekman6_anger_954,3264
n,0,3564,3565,214_Ekman6_anger_954,3564
n,0,3653,3654,214_Ekman6_anger_954,3653
n,0,3847,3850,214_Ekman6_anger_954,3848
n,0,4177,4179,214_Ekman6_anger_954,4178
p,1,1364,1371,217_Ekman6_joy_1135,1367
p,1,1714,1725,217_Ekman6_joy_1135,1719
p,1,2898,2907,217_Ekman6_joy_1135,2902
p,1,3559,3566,217_Ekman6_joy_1135,3562
p,1,4299,4305,217_Ekman6_joy_1135,4302
n,0,1117,1127,218_CMU_MOSEI_aNOuoSVlunM,1122
n,0,1438,1446,218_CMU_MOSEI_aNOuoSVlunM,1442
n,0,2317,2327,218_CMU_MOSEI_aNOuoSVlunM,2322
p,1,3092,3105,218_CMU_MOSEI_aNOuoSVlunM,3098
p,1,5663,5676,218_CMU_MOSEI_aNOuoSVlunM,5669
p,1,8669,8679,218_CMU_MOSEI_aNOuoSVlunM,8674
p,1,9787,9796,218_CMU_MOSEI_aNOuoSVlunM,9791
n,0,183,186,221_Ekman6_anger_1090,184
n,0,476,479,221_Ekman6_anger_1090,477
n,0,1205,1206,221_Ekman6_anger_1090,1205
n,0,1371,1373,221_Ekman6_anger_1090,1372
n,0,1633,1635,221_Ekman6_anger_1090,1634
n,0,1971,1975,221_Ekman6_anger_1090,1973
n,0,2104,2106,221_Ekman6_anger_1090,2105
n,0,2713,2714,221_Ekman6_anger_1090,2713
n,0,3568,3571,221_Ekman6_anger_1090,3569
p,1,1347,1359,222_Ekman6_surprise_542,1353
p,1,1908,1920,222_Ekman6_surprise_542,1914
p,1,2986,2994,222_Ekman6_surprise_542,2990
p,1,5206,5214,222_Ekman6_surprise_542,5210
p,1,5400,5411,222_Ekman6_surprise_542,5405
p,1,5657,5669,222_Ekman6_surprise_542,5663
p,1,298,300,225_VideoEmotion8_Fear_401,299
p,1,719,720,225_VideoEmotion8_Fear_401,719
n,0,1751,1752,225_VideoEmotion8_Fear_401,1751
n,0,2052,2055,225_VideoEmotion8_Fear_401,2053
n,0,2320,2322,225_VideoEmotion8_Fear_401,2321
n,0,2735,2736,225_VideoEmotion8_Fear_401,2735
p,1,3089,3092,225_VideoEmotion8_Fear_401,3090
n,0,3229,3231,225_VideoEmotion8_Fear_401,3230
p,1,3620,3623,225_VideoEmotion8_Fear_401,3621
p,1,4375,4377,225_VideoEmotion8_Fear_401,4376
p,1,4605,4608,225_VideoEmotion8_Fear_401,4606
n,0,6345,6348,225_VideoEmotion8_Fear_401,6346
p,1,6737,6739,225_VideoEmotion8_Fear_401,6738
p,1,7420,7423,225_VideoEmotion8_Fear_401,7421
n,0,7768,7769,225_VideoEmotion8_Fear_401,7768
n,0,8467,8468,225_VideoEmotion8_Fear_401,8467
p,1,9014,9015,225_VideoEmotion8_Fear_401,9014
p,1,9489,9491,225_VideoEmotion8_Fear_401,9490
p,1,10081,10084,225_VideoEmotion8_Fear_401,10082
p,1,10759,10762,225_VideoEmotion8_Fear_401,10760
p,1,11268,11270,225_VideoEmotion8_Fear_401,11269
p,1,1094,1096,226_VideoEmotion8_Surprise_986,1095
p,1,1703,1706,226_VideoEmotion8_Surprise_986,1704
p,1,2950,2951,226_VideoEmotion8_Surprise_986,2950
p,1,3510,3512,226_VideoEmotion8_Surprise_986,3511
p,1,4675,4678,226_VideoEmotion8_Surprise_986,4676
n,0,205,206,230_Ekman6_fear_686,205
n,0,684,685,230_Ekman6_fear_686,684
n,0,1522,1525,230_Ekman6_fear_686,1523
n,0,2047,2049,230_Ekman6_fear_686,2048
n,0,2502,2505,230_Ekman6_fear_686,2503
n,0,2893,2896,230_Ekman6_fear_686,2894
n,0,3336,3338,230_Ekman6_fear_686,3337
n,0,4128,4130,230_Ekman6_fear_686,4129
p,1,65,72,232_CMU_MOSEI_25t8nrkUfRY,68
p,1,6221,6231,232_CMU_MOSEI_25t8nrkUfRY,6226
p,1,7438,7449,232_CMU_MOSEI_25t8nrkUfRY,7443
p,1,10008,10019,232_CMU_MOSEI_25t8nrkUfRY,10013
p,1,11550,11558,232_CMU_MOSEI_25t8nrkUfRY,11554
p,1,13032,13041,232_CMU_MOSEI_25t8nrkUfRY,13036
p,1,14098,14105,232_CMU_MOSEI_25t8nrkUfRY,14101
p,1,16835,16847,232_CMU_MOSEI_25t8nrkUfRY,16841
p,1,17649,17661,232_CMU_MOSEI_25t8nrkUfRY,17655
p,1,19435,19447,232_CMU_MOSEI_25t8nrkUfRY,19441
p,1,21075,21082,232_CMU_MOSEI_25t8nrkUfRY,21078
n,0,268,274,233_Ekman6_anger_1018,271
n,0,991,999,233_Ekman6_anger_1018,995
n,0,1372,1380,233_Ekman6_anger_1018,1376
p,1,1904,1912,233_Ekman6_anger_1018,1908
p,1,2471,2481,233_Ekman6_anger_1018,2476
n,0,3012,3019,233_Ekman6_anger_1018,3015
n,0,3551,3560,233_Ekman6_anger_1018,3555
n,0,1026,1029,234_Ekman6_sadness_1520,1027
n,0,1854,1855,234_Ekman6_sadness_1520,1854
n,0,2136,2138,234_Ekman6_sadness_1520,2137
p,1,5843,5845,234_Ekman6_sadness_1520,5844
p,1,6104,6107,234_Ekman6_sadness_1520,6105
p,1,6891,6892,234_Ekman6_sadness_1520,6891
p,1,7620,7621,234_Ekman6_sadness_1520,7620
p,1,7985,7987,234_Ekman6_sadness_1520,7986
p,1,8260,8262,234_Ekman6_sadness_1520,8261
n,0,4317,4320,235_Ekman6_disgust_116,4318
n,0,4659,4661,235_Ekman6_disgust_116,4660
p,1,4778,4781,235_Ekman6_disgust_116,4779
p,1,5869,5871,235_Ekman6_disgust_116,5870
n,0,828,837,236_Ekman6_sadness_1477,832
n,0,2032,2042,236_Ekman6_sadness_1477,2037
n,0,2954,2968,236_Ekman6_sadness_1477,2961
n,0,3810,3817,236_Ekman6_sadness_1477,3813
p,1,2909,2912,239_VideoEmotion8_Joy_572,2910
p,1,3585,3585,239_VideoEmotion8_Joy_572,3585
p,1,5333,5336,239_VideoEmotion8_Joy_572,5334
p,1,5808,5809,239_VideoEmotion8_Joy_572,5808
p,1,7274,7277,239_VideoEmotion8_Joy_572,7275
p,1,8087,8089,239_VideoEmotion8_Joy_572,8088
p,1,340,441,240_VideoEmotion8_Trust_1091,390
p,1,1270,1379,240_VideoEmotion8_Trust_1091,1324
p,1,2211,2307,240_VideoEmotion8_Trust_1091,2259
p,1,2899,2939,240_VideoEmotion8_Trust_1091,2919
p,1,3932,3973,240_VideoEmotion8_Trust_1091,3952
p,1,4652,4693,240_VideoEmotion8_Trust_1091,4672
n,0,2688,2696,241_CMU_MOSEI_y9FyTEyGy5Y,2692
p,1,5440,5449,241_CMU_MOSEI_y9FyTEyGy5Y,5444
p,1,5879,5887,241_CMU_MOSEI_y9FyTEyGy5Y,5883
p,1,7071,7080,241_CMU_MOSEI_y9FyTEyGy5Y,7075
p,1,8866,8872,241_CMU_MOSEI_y9FyTEyGy5Y,8869
p,1,461,491,242_CMU_MOSEI_1tQOvm5eQOA,476
p,1,875,902,242_CMU_MOSEI_1tQOvm5eQOA,888
p,1,5669,5707,242_CMU_MOSEI_1tQOvm5eQOA,5688
p,1,9638,9674,242_CMU_MOSEI_1tQOvm5eQOA,9656
p,1,16025,16048,242_CMU_MOSEI_1tQOvm5eQOA,16036
n,0,18406,18426,242_CMU_MOSEI_1tQOvm5eQOA,18416
n,0,21305,21321,242_CMU_MOSEI_1tQOvm5eQOA,21313
p,1,23444,23462,242_CMU_MOSEI_1tQOvm5eQOA,23453
p,1,365,367,243_VideoEmotion8_Disgust_242,366
p,1,503,505,243_VideoEmotion8_Disgust_242,504
p,1,698,702,243_VideoEmotion8_Disgust_242,700
p,1,951,953,243_VideoEmotion8_Disgust_242,952
p,1,1215,1217,243_VideoEmotion8_Disgust_242,1216
p,1,1776,1778,243_VideoEmotion8_Disgust_242,1777
p,1,2407,2410,243_VideoEmotion8_Disgust_242,2408
p,1,2988,2990,243_VideoEmotion8_Disgust_242,2989
p,1,3881,3884,243_VideoEmotion8_Disgust_242,3882
n,0,766,778,244_CMU_MOSEI_bfy28AlY-TQ,772
n,0,1957,1969,244_CMU_MOSEI_bfy28AlY-TQ,1963
n,0,2794,2806,244_CMU_MOSEI_bfy28AlY-TQ,2800
n,0,3289,3298,244_CMU_MOSEI_bfy28AlY-TQ,3293
n,0,3954,3965,244_CMU_MOSEI_bfy28AlY-TQ,3959
n,0,4626,4639,244_CMU_MOSEI_bfy28AlY-TQ,4632
n,0,5025,5034,244_CMU_MOSEI_bfy28AlY-TQ,5029
p,1,2913,2922,245_CMU_MOSEI_x-oexIBWwR4,2917
p,1,3297,3305,245_CMU_MOSEI_x-oexIBWwR4,3301
p,1,5126,5132,245_CMU_MOSEI_x-oexIBWwR4,5129
p,1,6108,6114,245_CMU_MOSEI_x-oexIBWwR4,6111
p,1,6809,6816,245_CMU_MOSEI_x-oexIBWwR4,6812
p,1,8104,8110,245_CMU_MOSEI_x-oexIBWwR4,8107
p,1,10004,10010,245_CMU_MOSEI_x-oexIBWwR4,10007
p,1,6443,6515,246_CMU_MOSEI_REkPZ77s3Vc,6479
n,0,553,613,247_Ekman6_fear_700,583
n,0,2294,2356,247_Ekman6_fear_700,2325
n,0,2759,2836,247_Ekman6_fear_700,2797
n,0,4154,4209,247_Ekman6_fear_700,4181
p,1,475,476,248_VideoEmotion8_Surprise_842,475
p,1,1376,1379,248_VideoEmotion8_Surprise_842,1377
p,1,2953,2955,248_VideoEmotion8_Surprise_842,2954
p,1,3783,3785,248_VideoEmotion8_Surprise_842,3784
p,1,4175,4179,248_VideoEmotion8_Surprise_842,4177
p,1,4461,4464,248_VideoEmotion8_Surprise_842,4462
p,1,5293,5296,248_VideoEmotion8_Surprise_842,5294
p,1,6662,6666,248_VideoEmotion8_Surprise_842,6664
p,1,8608,8613,248_VideoEmotion8_Surprise_842,8610
p,1,816,818,249_Ekman6_joy_1239,817
p,1,1252,1253,249_Ekman6_joy_1239,1252
p,1,1989,1991,249_Ekman6_joy_1239,1990
p,1,2406,2407,249_Ekman6_joy_1239,2406
p,1,2753,2755,249_Ekman6_joy_1239,2754
p,1,3055,3056,249_Ekman6_joy_1239,3055
p,1,4701,4702,249_Ekman6_joy_1239,4701
p,1,5251,5252,249_Ekman6_joy_1239,5251
p,1,5815,5817,249_Ekman6_joy_1239,5816
p,1,6521,6524,249_Ekman6_joy_1239,6522
p,1,6769,6772,249_Ekman6_joy_1239,6770
n,0,1156,1157,250_Ekman6_disgust_75,1156
n,0,2261,2262,250_Ekman6_disgust_75,2261
n,0,2651,2654,250_Ekman6_disgust_75,2652
p,1,3507,3509,250_Ekman6_disgust_75,3508
p,1,1830,1835,253_VideoEmotion8_Surprise_779,1832
p,1,2127,2136,253_VideoEmotion8_Surprise_779,2131
p,1,2532,2538,253_VideoEmotion8_Surprise_779,2535
p,1,3872,3880,253_VideoEmotion8_Surprise_779,3876
p,1,4656,4663,253_VideoEmotion8_Surprise_779,4659
n,0,231,232,255_Ekman6_anger_1038,231
n,0,781,783,255_Ekman6_anger_1038,782
n,0,1301,1302,255_Ekman6_anger_1038,1301
n,0,2304,2307,255_Ekman6_anger_1038,2305
n,0,2703,2704,255_Ekman6_anger_1038,2703
n,0,2947,2950,255_Ekman6_anger_1038,2948
n,0,3819,3824,255_Ekman6_anger_1038,3821
n,0,4635,4638,255_Ekman6_anger_1038,4636
n,0,4935,4936,255_Ekman6_anger_1038,4935
p,1,1059,1115,257_CMU_MOSEI_fTKe7E_4OCQ,1087
p,1,1890,1956,257_CMU_MOSEI_fTKe7E_4OCQ,1923
p,1,3196,3325,257_CMU_MOSEI_fTKe7E_4OCQ,3260
p,1,4096,4150,257_CMU_MOSEI_fTKe7E_4OCQ,4123
p,1,417,419,258_CMU_MOSEI_npIVLL_fTf0,418
n,0,1298,1300,258_CMU_MOSEI_npIVLL_fTf0,1299
n,0,1630,1632,258_CMU_MOSEI_npIVLL_fTf0,1631
n,0,1922,1924,258_CMU_MOSEI_npIVLL_fTf0,1923
n,0,2241,2243,258_CMU_MOSEI_npIVLL_fTf0,2242
n,0,2501,2502,258_CMU_MOSEI_npIVLL_fTf0,2501
n,0,3037,3040,258_CMU_MOSEI_npIVLL_fTf0,3038
n,0,4370,4373,258_CMU_MOSEI_npIVLL_fTf0,4371
n,0,4843,4847,258_CMU_MOSEI_npIVLL_fTf0,4845
n,0,5827,5831,258_CMU_MOSEI_npIVLL_fTf0,5829
n,0,950,962,259_Ekman6_surprise_427,956
p,1,2802,2817,259_Ekman6_surprise_427,2809
p,1,3594,3604,259_Ekman6_surprise_427,3599
n,0,5130,5140,259_Ekman6_surprise_427,5135
p,1,192,196,263_Ekman6_sadness_1600,194
p,1,689,692,263_Ekman6_sadness_1600,690
p,1,1331,1333,263_Ekman6_sadness_1600,1332
p,1,2257,2260,263_Ekman6_sadness_1600,2258
p,1,3592,3594,263_Ekman6_sadness_1600,3593
p,1,4210,4214,263_Ekman6_sadness_1600,4212
p,1,4363,4366,263_Ekman6_sadness_1600,4364
p,1,3041,3050,265_VideoEmotion8_Surprise_812,3045
p,1,4205,4214,265_VideoEmotion8_Surprise_812,4209
p,1,4362,4370,265_VideoEmotion8_Surprise_812,4366
p,1,4860,4872,265_VideoEmotion8_Surprise_812,4866
p,1,5124,5129,265_VideoEmotion8_Surprise_812,5126
p,1,709,711,266_VideoEmotion8_Surprise_994,710
p,1,1084,1088,266_VideoEmotion8_Surprise_994,1086
p,1,1215,1217,266_VideoEmotion8_Surprise_994,1216
p,1,1641,1642,266_VideoEmotion8_Surprise_994,1641
p,1,1971,1972,266_VideoEmotion8_Surprise_994,1971
p,1,2238,2239,266_VideoEmotion8_Surprise_994,2238
p,1,2361,2364,266_VideoEmotion8_Surprise_994,2362
p,1,2517,2519,266_VideoEmotion8_Surprise_994,2518
p,1,2761,2763,266_VideoEmotion8_Surprise_994,2762
p,1,2991,2994,266_VideoEmotion8_Surprise_994,2992
n,0,442,446,269_Ekman6_fear_767,444
n,0,1188,1196,269_Ekman6_fear_767,1192
n,0,3313,3319,269_Ekman6_fear_767,3316
n,0,4131,4139,269_Ekman6_fear_767,4135
n,0,4375,4382,269_Ekman6_fear_767,4378
n,0,2320,2321,312_CMU_MOSEI_179875,2320
p,1,3522,3523,312_CMU_MOSEI_179875,3522
p,1,4408,4413,312_CMU_MOSEI_179875,4410
n,0,450,459,313_CMU_MOSEI_f_ZJ7L14oYQ,454
p,1,1556,1568,313_CMU_MOSEI_f_ZJ7L14oYQ,1562
p,1,2285,2292,313_CMU_MOSEI_f_ZJ7L14oYQ,2288
p,1,3430,3436,313_CMU_MOSEI_f_ZJ7L14oYQ,3433
p,1,3911,3922,313_CMU_MOSEI_f_ZJ7L14oYQ,3916
p,1,1853,1853,314_CMU_MOSEI_-hnBHBN8p5A,1853
p,1,2060,2061,314_CMU_MOSEI_-hnBHBN8p5A,2060
n,0,2186,2187,314_CMU_MOSEI_-hnBHBN8p5A,2186
p,1,2314,2315,314_CMU_MOSEI_-hnBHBN8p5A,2314
p,1,3063,3064,314_CMU_MOSEI_-hnBHBN8p5A,3063
p,1,6548,6549,314_CMU_MOSEI_-hnBHBN8p5A,6548
p,1,9139,9140,314_CMU_MOSEI_-hnBHBN8p5A,9139
p,1,10263,10264,314_CMU_MOSEI_-hnBHBN8p5A,10263
p,1,11010,11013,314_CMU_MOSEI_-hnBHBN8p5A,11011
p,1,13110,13112,314_CMU_MOSEI_-hnBHBN8p5A,13111
p,1,14338,14339,314_CMU_MOSEI_-hnBHBN8p5A,14338
n,0,15440,15442,314_CMU_MOSEI_-hnBHBN8p5A,15441
n,0,15923,15924,314_CMU_MOSEI_-hnBHBN8p5A,15923
p,1,18558,18560,314_CMU_MOSEI_-hnBHBN8p5A,18559
p,1,21609,21611,314_CMU_MOSEI_-hnBHBN8p5A,21610
p,1,27523,27524,314_CMU_MOSEI_-hnBHBN8p5A,27523
n,0,2737,2853,315_CMU_MOSEI_FRKwvmrwrZA,2795
p,1,5906,6180,315_CMU_MOSEI_FRKwvmrwrZA,6043
p,1,4977,4978,317_CMU_MOSEI_f8Puta8k8fU,4977
p,1,2198,2200,318_CMU_MOSEI_r46amqjpWgg,2199
p,1,4252,4255,318_CMU_MOSEI_r46amqjpWgg,4253
p,1,5978,5982,318_CMU_MOSEI_r46amqjpWgg,5980
p,1,6297,6300,318_CMU_MOSEI_r46amqjpWgg,6298
n,0,1865,1867,319_CMU_MOSEI_gXuiIWRxrw4,1866
p,1,2765,2767,319_CMU_MOSEI_gXuiIWRxrw4,2766
p,1,4942,4945,319_CMU_MOSEI_gXuiIWRxrw4,4943
p,1,5556,5558,319_CMU_MOSEI_gXuiIWRxrw4,5557
p,1,1986,1993,322_CMU_MOSEI_kqXpf26EL-s,1989
n,0,3459,3465,322_CMU_MOSEI_kqXpf26EL-s,3462
p,1,4663,4669,322_CMU_MOSEI_kqXpf26EL-s,4666
p,1,6331,6338,322_CMU_MOSEI_kqXpf26EL-s,6334
n,0,9731,9738,322_CMU_MOSEI_kqXpf26EL-s,9734
p,1,10868,10873,322_CMU_MOSEI_kqXpf26EL-s,10870
p,1,12843,12852,322_CMU_MOSEI_kqXpf26EL-s,12847
p,1,16937,16943,322_CMU_MOSEI_kqXpf26EL-s,16940
p,1,18582,18587,322_CMU_MOSEI_kqXpf26EL-s,18584
p,1,22471,22477,322_CMU_MOSEI_kqXpf26EL-s,22474
p,1,6108,6195,323_CMU_MOSEI_xk4C4p5vHDk,6151
p,1,6740,6822,323_CMU_MOSEI_xk4C4p5vHDk,6781
p,1,2121,2128,324_CMU_MOSEI_kY64gXOapYk,2124
p,1,4561,4571,324_CMU_MOSEI_kY64gXOapYk,4566
p,1,7152,7159,324_CMU_MOSEI_kY64gXOapYk,7155
p,1,250,268,325_CMU_MOSEI_ATfnMuJJDkk,259
p,1,1323,1397,325_CMU_MOSEI_ATfnMuJJDkk,1360
p,1,2273,2308,325_CMU_MOSEI_ATfnMuJJDkk,2290
p,1,2995,2998,325_CMU_MOSEI_ATfnMuJJDkk,2996
p,1,3875,3877,325_CMU_MOSEI_ATfnMuJJDkk,3876
p,1,4738,4741,325_CMU_MOSEI_ATfnMuJJDkk,4739
p,1,5684,5741,325_CMU_MOSEI_ATfnMuJJDkk,5712
n,0,3429,3430,328_CMU_MOSEI_TwFl4epL244,3429
p,1,4047,4047,328_CMU_MOSEI_TwFl4epL244,4047
n,0,5472,5475,328_CMU_MOSEI_TwFl4epL244,5473
n,0,1160,1168,329_CMU_MOSI_Vj1wYRQjB-o,1164
n,0,1701,1710,329_CMU_MOSI_Vj1wYRQjB-o,1705
p,1,3076,3087,329_CMU_MOSI_Vj1wYRQjB-o,3081
p,1,3856,3867,329_CMU_MOSI_Vj1wYRQjB-o,3861
p,1,5105,5109,329_CMU_MOSI_Vj1wYRQjB-o,5107
p,1,193,223,330_CMU_MOSI_G6GlGvlkxAQ,208
p,1,1507,1539,330_CMU_MOSI_G6GlGvlkxAQ,1523
n,0,3119,3265,330_CMU_MOSI_G6GlGvlkxAQ,3192
p,1,4291,4323,330_CMU_MOSI_G6GlGvlkxAQ,4307
p,1,270,301,331_CMU_MOSI_2iD-tVS8NPw,285
p,1,841,909,331_CMU_MOSI_2iD-tVS8NPw,875
p,1,1323,1354,331_CMU_MOSI_2iD-tVS8NPw,1338
p,1,3371,3446,331_CMU_MOSI_2iD-tVS8NPw,3408
p,1,5159,5199,331_CMU_MOSI_2iD-tVS8NPw,5179
p,1,3241,3379,333_CMU_MOSEI_AG5EY8ZaFj4,3310
n,0,2913,2919,334_CMU_MOSEI_YJJoYkFPmds,2916
p,1,3925,3937,334_CMU_MOSEI_YJJoYkFPmds,3931
p,1,4988,5000,334_CMU_MOSEI_YJJoYkFPmds,4994
p,1,6079,6091,334_CMU_MOSEI_YJJoYkFPmds,6085
p,1,6935,6943,334_CMU_MOSEI_YJJoYkFPmds,6939
p,1,8555,8565,334_CMU_MOSEI_YJJoYkFPmds,8560
p,1,10988,10994,334_CMU_MOSEI_YJJoYkFPmds,10991
p,1,12439,12448,334_CMU_MOSEI_YJJoYkFPmds,12443
p,1,15082,15089,334_CMU_MOSEI_YJJoYkFPmds,15085
n,0,504,510,336_CMU_MOSEI_RvIohowRPAk,507
p,1,633,640,336_CMU_MOSEI_RvIohowRPAk,636
n,0,1746,1752,336_CMU_MOSEI_RvIohowRPAk,1749
p,1,3611,3620,336_CMU_MOSEI_RvIohowRPAk,3615
n,0,5016,5021,336_CMU_MOSEI_RvIohowRPAk,5018
p,1,5866,5876,336_CMU_MOSEI_RvIohowRPAk,5871
p,1,942,953,337_CMU_MOSEI_e7_2U4lm6TE,947
p,1,2585,2592,337_CMU_MOSEI_e7_2U4lm6TE,2588
n,0,4220,4230,337_CMU_MOSEI_e7_2U4lm6TE,4225
p,1,5337,5350,337_CMU_MOSEI_e7_2U4lm6TE,5343
n,0,1172,1179,338_CMU_MOSEI_fWAKek8jA5M,1175
n,0,2338,2350,338_CMU_MOSEI_fWAKek8jA5M,2344
p,1,2842,2853,338_CMU_MOSEI_fWAKek8jA5M,2847
p,1,3661,3668,338_CMU_MOSEI_fWAKek8jA5M,3664
n,0,4376,4384,338_CMU_MOSEI_fWAKek8jA5M,4380
n,0,5870,5877,338_CMU_MOSEI_fWAKek8jA5M,5873
n,0,6269,6278,338_CMU_MOSEI_fWAKek8jA5M,6273
n,0,7435,7446,338_CMU_MOSEI_fWAKek8jA5M,7440
n,0,8814,8823,338_CMU_MOSEI_fWAKek8jA5M,8818
n,0,10667,10677,338_CMU_MOSEI_fWAKek8jA5M,10672
n,0,10986,10998,338_CMU_MOSEI_fWAKek8jA5M,10992
n,0,12043,12056,338_CMU_MOSEI_fWAKek8jA5M,12049
p,1,12633,12639,338_CMU_MOSEI_fWAKek8jA5M,12636
n,0,13338,13347,338_CMU_MOSEI_fWAKek8jA5M,13342
p,1,1028,1038,339_CMU_MOSEI_kkaX3okuvjI,1033
p,1,2146,2156,339_CMU_MOSEI_kkaX3okuvjI,2151
n,0,7634,7641,339_CMU_MOSEI_kkaX3okuvjI,7637
p,1,9294,9309,339_CMU_MOSEI_kkaX3okuvjI,9301
p,1,10120,10127,339_CMU_MOSEI_kkaX3okuvjI,10123
p,1,13771,13776,339_CMU_MOSEI_kkaX3okuvjI,13773
p,1,16381,16389,339_CMU_MOSEI_kkaX3okuvjI,16385
p,1,16962,16971,339_CMU_MOSEI_kkaX3okuvjI,16966
n,0,20387,20397,339_CMU_MOSEI_kkaX3okuvjI,20392
n,0,23693,23705,339_CMU_MOSEI_kkaX3okuvjI,23699
n,0,24785,24792,339_CMU_MOSEI_kkaX3okuvjI,24788
n,0,31218,31226,339_CMU_MOSEI_kkaX3okuvjI,31222
p,1,33069,33076,339_CMU_MOSEI_kkaX3okuvjI,33072
p,1,207,212,340_CMU_MOSEI_79925,209
p,1,4388,4389,340_CMU_MOSEI_79925,4388
p,1,5490,5493,340_CMU_MOSEI_79925,5491
p,1,667,672,342_CMU_MOSEI_rKyXU0ls5aQ,669
p,1,1257,1265,342_CMU_MOSEI_rKyXU0ls5aQ,1261
p,1,1960,1965,342_CMU_MOSEI_rKyXU0ls5aQ,1962
p,1,2642,2648,342_CMU_MOSEI_rKyXU0ls5aQ,2645
p,1,3815,3821,342_CMU_MOSEI_rKyXU0ls5aQ,3818
p,1,4153,4158,342_CMU_MOSEI_rKyXU0ls5aQ,4155
p,1,5805,5809,342_CMU_MOSEI_rKyXU0ls5aQ,5807
p,1,6660,6665,342_CMU_MOSEI_rKyXU0ls5aQ,6662
p,1,7299,7304,342_CMU_MOSEI_rKyXU0ls5aQ,7301
p,1,8486,8492,342_CMU_MOSEI_rKyXU0ls5aQ,8489
p,1,10267,10275,342_CMU_MOSEI_rKyXU0ls5aQ,10271
p,1,1407,1446,344_CMU_MOSEI_5lrDS7LluCA,1426
p,1,3161,3183,344_CMU_MOSEI_5lrDS7LluCA,3172
p,1,4237,4302,344_CMU_MOSEI_5lrDS7LluCA,4269
p,1,5603,5649,344_CMU_MOSEI_5lrDS7LluCA,5626
p,1,7675,7683,344_CMU_MOSEI_5lrDS7LluCA,7679
p,1,8141,8161,344_CMU_MOSEI_5lrDS7LluCA,8151
p,1,8569,8611,344_CMU_MOSEI_5lrDS7LluCA,8590
p,1,9318,9344,344_CMU_MOSEI_5lrDS7LluCA,9331
p,1,10113,10129,344_CMU_MOSEI_5lrDS7LluCA,10121
p,1,12298,12324,344_CMU_MOSEI_5lrDS7LluCA,12311
p,1,13486,13488,344_CMU_MOSEI_5lrDS7LluCA,13487
p,1,15095,15173,344_CMU_MOSEI_5lrDS7LluCA,15134
p,1,15858,15876,344_CMU_MOSEI_5lrDS7LluCA,15867
p,1,16713,16753,344_CMU_MOSEI_5lrDS7LluCA,16733
p,1,17647,17667,344_CMU_MOSEI_5lrDS7LluCA,17657
p,1,1038,1098,346_CMU_MOSEI_-egA8-b7-3M,1068
p,1,4215,4301,346_CMU_MOSEI_-egA8-b7-3M,4258
p,1,5062,5137,346_CMU_MOSEI_-egA8-b7-3M,5099
p,1,5730,5778,346_CMU_MOSEI_-egA8-b7-3M,5754
n,0,298,305,347_CMU_MOSI_nbWiPyCm4g0,301
n,0,3218,3226,347_CMU_MOSI_nbWiPyCm4g0,3222
n,0,3733,3740,347_CMU_MOSI_nbWiPyCm4g0,3736
n,0,4655,4661,347_CMU_MOSI_nbWiPyCm4g0,4658
p,1,2939,2941,348_CMU_MOSEI_d3EeIRaMbbk,2940
p,1,4311,4366,348_CMU_MOSEI_d3EeIRaMbbk,4338
p,1,319,360,349_CMU_MOSEI_107585,339
n,0,2028,2038,349_CMU_MOSEI_107585,2033
n,0,2261,2303,349_CMU_MOSEI_107585,2282
n,0,2611,2644,349_CMU_MOSEI_107585,2627
n,0,3185,3195,349_CMU_MOSEI_107585,3190
p,1,3951,3986,349_CMU_MOSEI_107585,3968
p,1,4546,4568,349_CMU_MOSEI_107585,4557
p,1,540,549,351_CMU_MOSEI_R9ypacCuEZo,544
p,1,1015,1024,351_CMU_MOSEI_R9ypacCuEZo,1019
p,1,1832,1841,351_CMU_MOSEI_R9ypacCuEZo,1836
p,1,3043,3053,351_CMU_MOSEI_R9ypacCuEZo,3048
p,1,4452,4459,351_CMU_MOSEI_R9ypacCuEZo,4455
p,1,5392,5405,351_CMU_MOSEI_R9ypacCuEZo,5398
p,1,209,214,353_CMU_MOSEI_NG7QLq4XlWo,211
p,1,1666,1676,353_CMU_MOSEI_NG7QLq4XlWo,1671
p,1,3434,3444,353_CMU_MOSEI_NG7QLq4XlWo,3439
p,1,4627,4637,353_CMU_MOSEI_NG7QLq4XlWo,4632
p,1,5268,5274,353_CMU_MOSEI_NG7QLq4XlWo,5271
p,1,618,632,354_CMU_MOSEI_BRSyH6yfDLk,625
p,1,720,810,354_CMU_MOSEI_BRSyH6yfDLk,765
p,1,1180,1195,354_CMU_MOSEI_BRSyH6yfDLk,1187
p,1,2400,2452,354_CMU_MOSEI_BRSyH6yfDLk,2426
p,1,3960,4035,354_CMU_MOSEI_BRSyH6yfDLk,3997
p,1,5031,5035,354_CMU_MOSEI_BRSyH6yfDLk,5033
p,1,5213,5222,354_CMU_MOSEI_BRSyH6yfDLk,5217
p,1,6360,6472,354_CMU_MOSEI_BRSyH6yfDLk,6416
p,1,7341,7355,354_CMU_MOSEI_BRSyH6yfDLk,7348
p,1,7467,7489,354_CMU_MOSEI_BRSyH6yfDLk,7478
p,1,7591,7627,354_CMU_MOSEI_BRSyH6yfDLk,7609
p,1,8580,8608,354_CMU_MOSEI_BRSyH6yfDLk,8594
p,1,263,270,356_CMU_MOSEI_d7Dz34-cZ74,266
p,1,1170,1179,356_CMU_MOSEI_d7Dz34-cZ74,1174
p,1,1733,1740,356_CMU_MOSEI_d7Dz34-cZ74,1736
p,1,165,188,358_CMU_MOSI_IumbAb8q2dM,176
p,1,636,724,358_CMU_MOSI_IumbAb8q2dM,680
p,1,1641,1686,358_CMU_MOSI_IumbAb8q2dM,1663
p,1,3781,3848,358_CMU_MOSI_IumbAb8q2dM,3814
p,1,400,409,359_CMU_MOSEI_gEgcpVY8WK4,404
p,1,1353,1362,359_CMU_MOSEI_gEgcpVY8WK4,1357
p,1,2349,2357,359_CMU_MOSEI_gEgcpVY8WK4,2353
p,1,838,846,360_CMU_MOSEI_203806,842
p,1,1895,1900,360_CMU_MOSEI_203806,1897
p,1,2626,2636,360_CMU_MOSEI_203806,2631
p,1,2918,2925,360_CMU_MOSEI_203806,2921
p,1,3489,3495,360_CMU_MOSEI_203806,3492
p,1,6495,6500,360_CMU_MOSEI_203806,6497
p,1,1521,1531,361_CMU_MOSEI_197232,1526
p,1,2218,2225,361_CMU_MOSEI_197232,2221
p,1,2974,2981,361_CMU_MOSEI_197232,2977
p,1,3261,3270,361_CMU_MOSEI_197232,3265
p,1,605,607,362_CMU_MOSEI_JPT38CA3sGI,606
n,0,2303,2304,362_CMU_MOSEI_JPT38CA3sGI,2303
n,0,3016,3017,362_CMU_MOSEI_JPT38CA3sGI,3016
p,1,4190,4193,362_CMU_MOSEI_JPT38CA3sGI,4191
p,1,5542,5543,362_CMU_MOSEI_JPT38CA3sGI,5542
p,1,6178,6180,362_CMU_MOSEI_JPT38CA3sGI,6179
p,1,7102,7104,362_CMU_MOSEI_JPT38CA3sGI,7103
p,1,8429,8431,362_CMU_MOSEI_JPT38CA3sGI,8430
p,1,9425,9427,362_CMU_MOSEI_JPT38CA3sGI,9426
p,1,2626,2630,363_CMU_MOSEI_YWxvIFmYnNU,2628
p,1,2733,2737,363_CMU_MOSEI_YWxvIFmYnNU,2735
p,1,4499,4501,363_CMU_MOSEI_YWxvIFmYnNU,4500
p,1,4820,4825,363_CMU_MOSEI_YWxvIFmYnNU,4822
p,1,5402,5404,363_CMU_MOSEI_YWxvIFmYnNU,5403
n,0,39,42,364_CMU_MOSEI_ZcFzcd4ZoMg,40
p,1,130,133,364_CMU_MOSEI_ZcFzcd4ZoMg,131
p,1,334,337,364_CMU_MOSEI_ZcFzcd4ZoMg,335
p,1,1174,1177,364_CMU_MOSEI_ZcFzcd4ZoMg,1175
p,1,6280,6283,364_CMU_MOSEI_ZcFzcd4ZoMg,6281
n,0,7226,7232,364_CMU_MOSEI_ZcFzcd4ZoMg,7229
p,1,7533,7538,364_CMU_MOSEI_ZcFzcd4ZoMg,7535
p,1,7895,7898,364_CMU_MOSEI_ZcFzcd4ZoMg,7896
p,1,10143,10146,364_CMU_MOSEI_ZcFzcd4ZoMg,10144
p,1,10966,10969,364_CMU_MOSEI_ZcFzcd4ZoMg,10967
p,1,14467,14471,364_CMU_MOSEI_ZcFzcd4ZoMg,14469
p,1,15417,15419,364_CMU_MOSEI_ZcFzcd4ZoMg,15418
p,1,675,677,365_CMU_MOSEI_RE-LIPOFnrE,676
p,1,4023,4025,365_CMU_MOSEI_RE-LIPOFnrE,4024
n,0,4449,4454,365_CMU_MOSEI_RE-LIPOFnrE,4451
n,0,4711,4713,365_CMU_MOSEI_RE-LIPOFnrE,4712
p,1,5484,5487,365_CMU_MOSEI_RE-LIPOFnrE,5485
p,1,6148,6152,365_CMU_MOSEI_RE-LIPOFnrE,6150
p,1,8070,8073,365_CMU_MOSEI_RE-LIPOFnrE,8071
p,1,965,968,366_CMU_MOSEI_qd6YuFGcBGk,966
p,1,3053,3058,366_CMU_MOSEI_qd6YuFGcBGk,3055
p,1,1009,1015,367_CMU_MOSEI_984VkHzXl8w,1012
p,1,2215,2221,367_CMU_MOSEI_984VkHzXl8w,2218
p,1,2979,2987,367_CMU_MOSEI_984VkHzXl8w,2983
p,1,5119,5126,367_CMU_MOSEI_984VkHzXl8w,5122
p,1,6650,6662,367_CMU_MOSEI_984VkHzXl8w,6656
p,1,7967,7975,367_CMU_MOSEI_984VkHzXl8w,7971
p,1,8332,8337,367_CMU_MOSEI_984VkHzXl8w,8334
p,1,10752,10763,367_CMU_MOSEI_984VkHzXl8w,10757
p,1,11712,11722,367_CMU_MOSEI_984VkHzXl8w,11717
p,1,263,266,368_CMU_MOSEI_zjYEBwXGD8I,264
p,1,1692,1697,368_CMU_MOSEI_zjYEBwXGD8I,1694
p,1,2259,2263,368_CMU_MOSEI_zjYEBwXGD8I,2261
p,1,3675,3678,368_CMU_MOSEI_zjYEBwXGD8I,3676
p,1,696,756,369_CMU_MOSEI_-Alixo7euuU,726
p,1,2277,2367,369_CMU_MOSEI_-Alixo7euuU,2322
p,1,4420,4480,369_CMU_MOSEI_-Alixo7euuU,4450
p,1,197,201,370_CMU_MOSEI_XXvSLz8QmGk,199
p,1,1551,1555,370_CMU_MOSEI_XXvSLz8QmGk,1553
p,1,4043,4047,370_CMU_MOSEI_XXvSLz8QmGk,4045
p,1,4707,4710,370_CMU_MOSEI_XXvSLz8QmGk,4708
p,1,6823,6826,370_CMU_MOSEI_XXvSLz8QmGk,6824
p,1,1199,1204,372_CMU_MOSEI_YUNxD04EvfE,1201
p,1,2319,2323,372_CMU_MOSEI_YUNxD04EvfE,2321
p,1,3408,3412,372_CMU_MOSEI_YUNxD04EvfE,3410
p,1,3710,3714,372_CMU_MOSEI_YUNxD04EvfE,3712
p,1,665,673,374_CMU_MOSEI_YITXOmhQhYE,669
n,0,1285,1293,374_CMU_MOSEI_YITXOmhQhYE,1289
n,0,1744,1753,374_CMU_MOSEI_YITXOmhQhYE,1748
p,1,2134,2143,374_CMU_MOSEI_YITXOmhQhYE,2138
p,1,2714,2720,374_CMU_MOSEI_YITXOmhQhYE,2717
p,1,3526,3532,374_CMU_MOSEI_YITXOmhQhYE,3529
p,1,4242,4249,374_CMU_MOSEI_YITXOmhQhYE,4245
n,0,230,237,376_CMU_MOSEI_273237,233
n,0,1371,1381,376_CMU_MOSEI_273237,1376
n,0,1589,1598,376_CMU_MOSEI_273237,1593
n,0,1746,1754,376_CMU_MOSEI_273237,1750
n,0,3186,3197,376_CMU_MOSEI_273237,3191
n,0,3682,3691,376_CMU_MOSEI_273237,3686
n,0,4183,4192,376_CMU_MOSEI_273237,4187
n,0,4469,4476,376_CMU_MOSEI_273237,4472
p,1,897,935,377_CMU_MOSEI__8pvMpMdGM4,916
p,1,1778,1813,377_CMU_MOSEI__8pvMpMdGM4,1795
p,1,2702,2738,377_CMU_MOSEI__8pvMpMdGM4,2720
p,1,3060,3171,377_CMU_MOSEI__8pvMpMdGM4,3115
p,1,3703,3739,377_CMU_MOSEI__8pvMpMdGM4,3721
p,1,6406,6523,377_CMU_MOSEI__8pvMpMdGM4,6464
n,0,1271,1395,380_CMU_MOSEI_QnYlpSeVOYo,1333
p,1,8648,8700,380_CMU_MOSEI_QnYlpSeVOYo,8674
